task_id,turn_index,reporting_block,agent_id,information_not_disclosed,information_ignored,evidence_misinterpreted,primary_mechanism,coding_rationale,message_id,original_message
1,0,1,agent-b,1,0,1,轻微信息缺口 + 局部解释矛盾,火灾被说成阻断全部交通，但同时判断西城桥可通；结论正确，定位仍含歧义。,12d0d2c4295fae8e,"Given the massive fire blocking all traffic, the bridge to West City is likely the only accessible route since the river level is still below it, so I suggest we evacuate to West City."
1,1,1,agent-a,1,0,2,正确证据被错误解释,agent-a 披露补给车卡在东城隧道，却将其弱化为“有风险但仍可通行”，短暂建议东城。,5243372b5c7b360d,"I think we should consider East Town, since the mayor has offered accommodations and volunteers, and the supply truck being stuck in the tunnel suggests that route might be risky but still passable for evacuation."
1,2,1,agent-c,1,0,0,信息逐步披露,agent-c 披露步道关闭并选择西城；此时只剩北山泥石流尚未公开。,08396e09b6ea349f,"Given the walking trails are closed and the tunnel may be risky, West City seems safest since the river is still below the bridge and hotels are prepared to accommodate us."
1,3,1,agent-d,0,0,0,关键事实完成汇总,agent-d 披露北山泥石流；四名智能体的路线阻断信息已经进入公共对话。,8f8d761376bb303c,"Given the mudslide blocking the driveway to North Hill and the tunnel's potential risk, West City via the bridge is the safest and most accessible route for all."
1,4,2,agent-a,0,0,0,正确证据被持续整合,西城桥可通、东城隧道被堵和北山泥石流持续进入结论，没有再删除关键反证。,e6852bf1b930e6b3,"Given the mudslide blocking North Hill's driveway and the tunnel being risky due to the stuck supply truck, West City via the bridge is the safest and most accessible route for all."
1,5,2,agent-a,0,0,0,正确证据被持续整合,西城桥可通、东城隧道被堵和北山泥石流持续进入结论，没有再删除关键反证。,5906ea416d4ae54b,"Given the river level is still below the bridge and the tunnel is blocked by the stuck supply truck, West City is the safest and most accessible route for all."
1,6,2,agent-b,0,0,0,正确证据被持续整合,西城桥可通、东城隧道被堵和北山泥石流持续进入结论，没有再删除关键反证。,5800a3650fd7c371,"Given the river level is still below the bridge and the tunnel is blocked by the stuck supply truck, West City is the safest and most accessible route for all."
1,7,2,agent-c,0,0,0,正确证据被持续整合,西城桥可通、东城隧道被堵和北山泥石流持续进入结论，没有再删除关键反证。,162d9f60cca5158b,"Given the mudslide blocking North Hill's driveway and the tunnel being risky due to the stuck supply truck, West City via the bridge is the safest and most accessible route for all."
1,8,3,agent-d,0,0,0,正确证据被持续整合,西城桥可通、东城隧道被堵和北山泥石流持续进入结论，没有再删除关键反证。,9a8a4201e96878e5,"Given the mudslide blocking North Hill and the tunnel being risky due to the stuck supply truck, West City via the bridge is the safest and most accessible route for all."
1,9,3,agent-a,0,0,0,正确证据被持续整合,西城桥可通、东城隧道被堵和北山泥石流持续进入结论，没有再删除关键反证。,39640cebe798ce26,"Given the mudslide blocking North Hill's driveway and the tunnel being blocked by the stuck supply truck, West City via the bridge is the safest and most accessible route for all."
1,10,3,agent-b,0,0,0,正确证据被持续整合,西城桥可通、东城隧道被堵和北山泥石流持续进入结论，没有再删除关键反证。,89c7d188dd95575d,"Given the mudslide blocking North Hill's driveway and the tunnel blocked by the stuck supply truck, West City via the bridge is the safest and most accessible route for all."
1,11,3,agent-c,0,0,0,正确证据被持续整合,西城桥可通、东城隧道被堵和北山泥石流持续进入结论，没有再删除关键反证。,b3fb35688dcf189d,"Given the mudslide blocking North Hill's driveway and the tunnel blocked by the stuck supply truck, West City via the bridge is the safest and most accessible route for all."
1,12,4,agent-d,0,0,0,正确证据被持续整合,西城桥可通、东城隧道被堵和北山泥石流持续进入结论，没有再删除关键反证。,6be199d181ff2f5a,"Given the mudslide blocking North Hill's driveway and the tunnel blocked by the stuck supply truck, West City via the bridge is the safest and most accessible route for all."
1,13,4,agent-a,0,0,0,正确证据被持续整合,西城桥可通、东城隧道被堵和北山泥石流持续进入结论，没有再删除关键反证。,058807895e66ca18,"Given the mudslide blocking North Hill's driveway and the tunnel blocked by the stuck supply truck, West City via the bridge is the safest and most accessible route for all."
1,14,4,agent-b,0,0,0,正确证据被持续整合,西城桥可通、东城隧道被堵和北山泥石流持续进入结论，没有再删除关键反证。,2f96754c7f7472d3,"Given the mudslide blocking North Hill's driveway and the tunnel blocked by the stuck supply truck, West City via the bridge is the safest and most accessible route for all."
1,15,4,agent-c,0,0,0,正确证据被持续整合,西城桥可通、东城隧道被堵和北山泥石流持续进入结论，没有再删除关键反证。,5cc1d1fe6b4c2dd8,"Given the mudslide blocking North Hill's driveway and the tunnel blocked by the stuck supply truck, West City via the bridge is the safest and most accessible route for all."
1,16,5,agent-d,0,0,0,正确证据被持续整合,西城桥可通、东城隧道被堵和北山泥石流持续进入结论，没有再删除关键反证。,4a9e446f7ab4a45a,"Given the mudslide blocking North Hill's driveway and the tunnel blocked by the stuck supply truck, West City via the bridge is the safest and most accessible route for all."
1,17,5,agent-a,0,0,0,正确证据被持续整合,西城桥可通、东城隧道被堵和北山泥石流持续进入结论，没有再删除关键反证。,ca46b866cee2572b,"Given the mudslide blocking North Hill's driveway and the tunnel blocked by the stuck supply truck, West City via the bridge is the safest and most accessible route for all."
1,18,5,agent-b,0,0,0,正确证据被持续整合,西城桥可通、东城隧道被堵和北山泥石流持续进入结论，没有再删除关键反证。,8e2eaeeac29d7731,"Given the mudslide blocking North Hill's driveway and the tunnel blocked by the stuck supply truck, West City via the bridge is the safest and most accessible route for all."
1,19,5,agent-c,0,0,0,正确证据被持续整合,西城桥可通、东城隧道被堵和北山泥石流持续进入结论，没有再删除关键反证。,803bedf55f657db6,"Given the mudslide blocking North Hill's driveway and the tunnel blocked by the stuck supply truck, West City via the bridge is the safest and most accessible route for all."
1,20,6,agent-d,0,0,0,正确证据被持续整合,西城桥可通、东城隧道被堵和北山泥石流持续进入结论，没有再删除关键反证。,fed0e9924e236cc5,"Given the mudslide blocking North Hill's driveway and the tunnel blocked by the stuck supply truck, West City via the bridge is the safest and most accessible route for all."
1,21,6,agent-a,0,0,0,正确证据被持续整合,西城桥可通、东城隧道被堵和北山泥石流持续进入结论，没有再删除关键反证。,3acfc0fa87bae3c3,"Given the mudslide blocking North Hill's driveway and the tunnel blocked by the stuck supply truck, West City via the bridge is the safest and most accessible route for all."
1,22,6,agent-b,0,0,0,正确证据被持续整合,西城桥可通、东城隧道被堵和北山泥石流持续进入结论，没有再删除关键反证。,8a1a3d28627cdd08,"Given the mudslide blocking North Hill's driveway and the tunnel blocked by the stuck supply truck, West City via the bridge is the safest and most accessible route for all."
1,23,6,agent-c,0,0,0,正确证据被持续整合,西城桥可通、东城隧道被堵和北山泥石流持续进入结论，没有再删除关键反证。,291d0057248c572f,"Given the mudslide blocking North Hill's driveway and the tunnel blocked by the stuck supply truck, West City via the bridge is the safest and most accessible route for all."
1,24,7,agent-d,0,0,0,正确证据被持续整合,西城桥可通、东城隧道被堵和北山泥石流持续进入结论，没有再删除关键反证。,d5e025510feb37ef,"Given the mudslide blocking North Hill's driveway and the tunnel blocked by the stuck supply truck, West City via the bridge is the safest and most accessible route for all."
1,25,7,agent-a,0,0,0,正确证据被持续整合,西城桥可通、东城隧道被堵和北山泥石流持续进入结论，没有再删除关键反证。,62abb682fd224231,"Given the mudslide blocking North Hill's driveway and the tunnel blocked by the stuck supply truck, West City via the bridge is the safest and most accessible route for all."
1,26,7,agent-b,0,0,0,正确证据被持续整合,西城桥可通、东城隧道被堵和北山泥石流持续进入结论，没有再删除关键反证。,3257413100df2ef7,"Given the mudslide blocking North Hill's driveway and the tunnel blocked by the stuck supply truck, West City via the bridge is the safest and most accessible route for all."
1,27,7,agent-c,0,0,0,正确证据被持续整合,西城桥可通、东城隧道被堵和北山泥石流持续进入结论，没有再删除关键反证。,9776e49d569ac0f9,"Given the mudslide blocking North Hill's driveway and the tunnel blocked by the stuck supply truck, West City via the bridge is the safest and most accessible route for all."
1,28,8,agent-d,0,0,0,正确证据被持续整合,西城桥可通、东城隧道被堵和北山泥石流持续进入结论，没有再删除关键反证。,244acb42031b20ab,"Given the mudslide blocking North Hill's driveway and the tunnel blocked by the stuck supply truck, West City via the bridge is the safest and most accessible route for all."
1,29,8,agent-a,0,0,0,正确证据被持续整合,西城桥可通、东城隧道被堵和北山泥石流持续进入结论，没有再删除关键反证。,18b57490b76bec75,"Given the mudslide blocking North Hill's driveway and the tunnel blocked by the stuck supply truck, West City via the bridge is the safest and most accessible route for all."
1,30,8,agent-b,0,0,0,正确证据被持续整合,西城桥可通、东城隧道被堵和北山泥石流持续进入结论，没有再删除关键反证。,13c73248de26f583,"Given the mudslide blocking North Hill's driveway and the tunnel blocked by the stuck supply truck, West City via the bridge is the safest and most accessible route for all."
1,31,8,agent-c,0,0,0,正确证据被持续整合,西城桥可通、东城隧道被堵和北山泥石流持续进入结论，没有再删除关键反证。,8bca0af529ec50e6,"Given the mudslide blocking North Hill's driveway and the tunnel blocked by the stuck supply truck, West City via the bridge is the safest and most accessible route for all."
1,32,9,agent-d,0,0,0,正确证据被持续整合,西城桥可通、东城隧道被堵和北山泥石流持续进入结论，没有再删除关键反证。,4bb95a56a734075c,"Given the mudslide blocking North Hill's driveway and the tunnel blocked by the stuck supply truck, West City via the bridge is the safest and most accessible route for all."
1,33,9,agent-a,0,0,0,正确证据被持续整合,西城桥可通、东城隧道被堵和北山泥石流持续进入结论，没有再删除关键反证。,de4abb9021bbccc8,"Given the mudslide blocking North Hill's driveway and the tunnel blocked by the stuck supply truck, West City via the bridge is the safest and most accessible route for all."
1,34,9,agent-b,0,0,0,正确证据被持续整合,西城桥可通、东城隧道被堵和北山泥石流持续进入结论，没有再删除关键反证。,7d0af29d8c8d3d10,"Given the mudslide blocking North Hill's driveway and the tunnel blocked by the stuck supply truck, West City via the bridge is the safest and most accessible route for all."
1,35,9,agent-c,0,0,0,正确证据被持续整合,西城桥可通、东城隧道被堵和北山泥石流持续进入结论，没有再删除关键反证。,433f56a1b47244c6,"Given the mudslide blocking North Hill's driveway and the tunnel blocked by the stuck supply truck, West City via the bridge is the safest and most accessible route for all."
1,36,10,agent-d,0,0,0,正确证据被持续整合,西城桥可通、东城隧道被堵和北山泥石流持续进入结论，没有再删除关键反证。,9a66369dc3208453,"Given the mudslide blocking North Hill's driveway and the tunnel blocked by the stuck supply truck, West City via the bridge is the safest and most accessible route for all."
1,37,10,agent-a,0,0,0,正确证据被持续整合,西城桥可通、东城隧道被堵和北山泥石流持续进入结论，没有再删除关键反证。,4b850701a2813664,"Given the mudslide blocking North Hill's driveway and the tunnel blocked by the stuck supply truck, West City via the bridge is the safest and most accessible route for all."
1,38,10,agent-b,0,0,0,正确证据被持续整合,西城桥可通、东城隧道被堵和北山泥石流持续进入结论，没有再删除关键反证。,ae82bc4ac33f1b04,"Given the mudslide blocking North Hill's driveway and the tunnel blocked by the stuck supply truck, West City via the bridge is the safest and most accessible route for all."
1,39,10,agent-c,0,0,0,正确证据被持续整合,西城桥可通、东城隧道被堵和北山泥石流持续进入结论，没有再删除关键反证。,0a5bab863a14c197,"Given the mudslide blocking North Hill's driveway and the tunnel blocked by the stuck supply truck, West City via the bridge is the safest and most accessible route for all."
1,40,11,agent-d,0,0,0,正确证据被持续整合,西城桥可通、东城隧道被堵和北山泥石流持续进入结论，没有再删除关键反证。,2e5af63b8005649b,"Given the mudslide blocking North Hill's driveway and the tunnel blocked by the stuck supply truck, West City via the bridge is the safest and most accessible route for all."
1,41,11,agent-a,0,0,0,正确证据被持续整合,西城桥可通、东城隧道被堵和北山泥石流持续进入结论，没有再删除关键反证。,a8bf3b089d09da06,"Given the mudslide blocking North Hill's driveway and the tunnel blocked by the stuck supply truck, West City via the bridge is the safest and most accessible route for all."
1,42,11,agent-b,0,0,0,正确证据被持续整合,西城桥可通、东城隧道被堵和北山泥石流持续进入结论，没有再删除关键反证。,cff74d122a8e40eb,"Given the mudslide blocking North Hill's driveway and the tunnel blocked by the stuck supply truck, West City via the bridge is the safest and most accessible route for all."
1,43,11,agent-c,0,0,0,正确证据被持续整合,西城桥可通、东城隧道被堵和北山泥石流持续进入结论，没有再删除关键反证。,1b692a3fd78beb4b,"Given the mudslide blocking North Hill's driveway and the tunnel blocked by the stuck supply truck, West City via the bridge is the safest and most accessible route for all."
1,44,12,agent-d,0,0,0,正确证据被持续整合,西城桥可通、东城隧道被堵和北山泥石流持续进入结论，没有再删除关键反证。,5f7b65ffc3db52fc,"Given the mudslide blocking North Hill's driveway and the tunnel blocked by the stuck supply truck, West City via the bridge is the safest and most accessible route for all."
1,45,12,agent-a,0,0,0,正确证据被持续整合,西城桥可通、东城隧道被堵和北山泥石流持续进入结论，没有再删除关键反证。,10d7dbc683f29019,"Given the mudslide blocking North Hill's driveway and the tunnel blocked by the stuck supply truck, West City via the bridge is the safest and most accessible route for all."
1,46,12,agent-b,0,0,0,正确证据被持续整合,西城桥可通、东城隧道被堵和北山泥石流持续进入结论，没有再删除关键反证。,33e76bc70bbcb14b,"Given the mudslide blocking North Hill's driveway and the tunnel blocked by the stuck supply truck, West City via the bridge is the safest and most accessible route for all."
1,47,12,agent-c,0,0,0,正确证据被持续整合,西城桥可通、东城隧道被堵和北山泥石流持续进入结论，没有再删除关键反证。,d160fca290f1297a,"Given the mudslide blocking North Hill's driveway and the tunnel blocked by the stuck supply truck, West City via the bridge is the safest and most accessible route for all."
1,48,13,agent-d,0,0,0,正确证据被持续整合,西城桥可通、东城隧道被堵和北山泥石流持续进入结论，没有再删除关键反证。,56258fe629049688,"Given the mudslide blocking North Hill's driveway and the tunnel blocked by the stuck supply truck, West City via the bridge is the safest and most accessible route for all."
1,49,13,agent-a,0,0,0,正确证据被持续整合,西城桥可通、东城隧道被堵和北山泥石流持续进入结论，没有再删除关键反证。,3106c84c6d901833,"Given the mudslide blocking North Hill's driveway and the tunnel blocked by the stuck supply truck, West City via the bridge is the safest and most accessible route for all."
1,50,13,agent-b,0,0,0,正确证据被持续整合,西城桥可通、东城隧道被堵和北山泥石流持续进入结论，没有再删除关键反证。,ae858af07ca06739,"Given the mudslide blocking North Hill's driveway and the tunnel blocked by the stuck supply truck, West City via the bridge is the safest and most accessible route for all."
1,51,13,agent-c,0,0,0,正确证据被持续整合,西城桥可通、东城隧道被堵和北山泥石流持续进入结论，没有再删除关键反证。,a315cd7935af16e2,"Given the mudslide blocking North Hill's driveway and the tunnel blocked by the stuck supply truck, West City via the bridge is the safest and most accessible route for all."
1,52,14,agent-d,0,0,0,正确证据被持续整合,西城桥可通、东城隧道被堵和北山泥石流持续进入结论，没有再删除关键反证。,b43d352050a4fc15,"Given the mudslide blocking North Hill's driveway and the tunnel blocked by the stuck supply truck, West City via the bridge is the safest and most accessible route for all."
1,53,14,agent-a,0,0,0,正确证据被持续整合,西城桥可通、东城隧道被堵和北山泥石流持续进入结论，没有再删除关键反证。,0d4e249b37b07dc6,"Given the mudslide blocking North Hill's driveway and the tunnel blocked by the stuck supply truck, West City via the bridge is the safest and most accessible route for all."
1,54,14,agent-b,0,0,0,正确证据被持续整合,西城桥可通、东城隧道被堵和北山泥石流持续进入结论，没有再删除关键反证。,55b8a0bfcaedc8f0,"Given the mudslide blocking North Hill's driveway and the tunnel blocked by the stuck supply truck, West City via the bridge is the safest and most accessible route for all."
1,55,14,agent-c,0,0,0,正确证据被持续整合,西城桥可通、东城隧道被堵和北山泥石流持续进入结论，没有再删除关键反证。,3d0fc2c61fc8ea6e,"Given the mudslide blocking North Hill's driveway and the tunnel blocked by the stuck supply truck, West City via the bridge is the safest and most accessible route for all."
1,56,15,agent-d,0,0,0,正确证据被持续整合,西城桥可通、东城隧道被堵和北山泥石流持续进入结论，没有再删除关键反证。,cd73aa0e63e0301c,"Given the mudslide blocking North Hill's driveway and the tunnel blocked by the stuck supply truck, West City via the bridge is the safest and most accessible route for all."
1,57,15,agent-b,0,0,0,正确证据被持续整合,西城桥可通、东城隧道被堵和北山泥石流持续进入结论，没有再删除关键反证。,ccb0d26648a70461,"Given the mudslide blocking North Hill's driveway and the tunnel blocked by the stuck supply truck, West City via the bridge is the safest and most accessible route for all."
1,58,15,agent-c,0,0,0,正确证据被持续整合,西城桥可通、东城隧道被堵和北山泥石流持续进入结论，没有再删除关键反证。,b61173e911af56c2,"Given the mudslide blocking North Hill's driveway and the tunnel blocked by the stuck supply truck, West City via the bridge is the safest and most accessible route for all."
1,59,15,agent-d,0,0,0,正确证据被持续整合,西城桥可通、东城隧道被堵和北山泥石流持续进入结论，没有再删除关键反证。,264bda683c48cd4c,"Given the mudslide blocking North Hill's driveway and the tunnel blocked by the stuck supply truck, West City via the bridge is the safest and most accessible route for all."
5,0,1,agent-a,2,0,1,信息未披露为主,未披露 Stevens 募资前离任、酗酒及 Roberts 的关键优势；仍泛称 Stevens 募资经历最强。,8ff56ce5223ba2c9,"Based on the criteria, I recommend Stevens, as they have the strongest combination of academic leadership, fundraising experience, and commitment to collaboration and teaching, despite some minor drawbacks."
5,1,1,agent-a,2,0,2,信息未披露 + 正确证据被错误解释,关键私有事实始终未进入公共讨论；把 Jones 参与董事会和资本项目反复改写成募资成功。,27244f00c26241b6,"I recommend Jones, as their direct involvement with the university's board and capital campaign, combined with strong teaching and local ties, best aligns with the need for fundraising and community engagement."
5,2,1,agent-b,2,0,2,信息未披露 + 正确证据被错误解释,关键私有事实始终未进入公共讨论；把 Jones 参与董事会和资本项目反复改写成募资成功。,64649d8185cfae44,"I recommend Jones, as their direct board involvement, fundraising success, and strong teaching record best align with the university's needs for leadership, community engagement, and shared governance."
5,3,1,agent-c,2,0,2,信息未披露 + 正确证据被错误解释,关键私有事实始终未进入公共讨论；把 Jones 参与董事会和资本项目反复改写成募资成功。,37723b683e680c64,"Based on the criteria, I recommend Jones, as their direct board involvement, fundraising success, and strong teaching record best align with the university's needs for leadership, community engagement, and shared governance."
5,4,2,agent-d,2,0,2,信息未披露 + 正确证据被错误解释,关键私有事实始终未进入公共讨论；把 Jones 参与董事会和资本项目反复改写成募资成功。,15268a3a9c494600,"I recommend Jones, as their direct board involvement, fundraising success, and strong teaching record best align with the university's needs for leadership, community engagement, and shared governance."
5,5,2,agent-a,2,0,2,信息未披露 + 正确证据被错误解释,关键私有事实始终未进入公共讨论；把 Jones 参与董事会和资本项目反复改写成募资成功。,012324c713b21044,"I recommend Jones, as their direct board involvement, fundraising success, and strong teaching record best align with the university's needs for leadership, community engagement, and shared governance."
5,6,2,agent-b,2,0,2,信息未披露 + 正确证据被错误解释,关键私有事实始终未进入公共讨论；把 Jones 参与董事会和资本项目反复改写成募资成功。,ca07b8f04314c0d6,"I recommend Jones, as their direct board involvement, fundraising success, and strong teaching record best align with the university's needs for leadership, community engagement, and shared governance."
5,7,2,agent-c,2,0,2,信息未披露 + 正确证据被错误解释,关键私有事实始终未进入公共讨论；把 Jones 参与董事会和资本项目反复改写成募资成功。,ce08f2e2a95f9803,"I recommend Jones, as their direct board involvement, fundraising success, and strong teaching record best align with the university's needs for leadership, community engagement, and shared governance."
5,8,3,agent-d,2,0,2,信息未披露 + 正确证据被错误解释,关键私有事实始终未进入公共讨论；把 Jones 参与董事会和资本项目反复改写成募资成功。,8c58c6c005a54a11,"I recommend Jones, as their direct board involvement, fundraising success, and strong teaching record best align with the university's needs for leadership, community engagement, and shared governance."
5,9,3,agent-a,2,0,2,信息未披露 + 正确证据被错误解释,关键私有事实始终未进入公共讨论；把 Jones 参与董事会和资本项目反复改写成募资成功。,f8fde832a9323d7f,"I recommend Jones, as their direct board involvement, fundraising success, and strong teaching record best align with the university's needs for leadership, community engagement, and shared governance."
5,10,3,agent-b,2,0,2,信息未披露 + 正确证据被错误解释,关键私有事实始终未进入公共讨论；把 Jones 参与董事会和资本项目反复改写成募资成功。,b699af73d9f9cebe,"I recommend Jones, as their direct board involvement, fundraising success, and strong teaching record best align with the university's needs for leadership, community engagement, and shared governance."
5,11,3,agent-c,2,0,2,信息未披露 + 正确证据被错误解释,关键私有事实始终未进入公共讨论；把 Jones 参与董事会和资本项目反复改写成募资成功。,4909d2f25817b449,"I recommend Jones, as their direct board involvement, fundraising success, and strong teaching record best align with the university's needs for leadership, community engagement, and shared governance."
5,12,4,agent-d,2,0,2,信息未披露 + 正确证据被错误解释,关键私有事实始终未进入公共讨论；把 Jones 参与董事会和资本项目反复改写成募资成功。,04c763843b00305e,"I recommend Jones, as their direct board involvement, fundraising success, and strong teaching record best align with the university's needs for leadership, community engagement, and shared governance."
5,13,4,agent-a,2,0,2,信息未披露 + 正确证据被错误解释,关键私有事实始终未进入公共讨论；把 Jones 参与董事会和资本项目反复改写成募资成功。,72d4b09fc4aa0a55,"I recommend Jones, as their direct board involvement, fundraising success, and strong teaching record best align with the university's needs for leadership, community engagement, and shared governance."
5,14,4,agent-b,2,0,2,信息未披露 + 正确证据被错误解释,关键私有事实始终未进入公共讨论；把 Jones 参与董事会和资本项目反复改写成募资成功。,2de8bb6c616a4261,"I recommend Jones, as their direct board involvement, fundraising success, and strong teaching record best align with the university's needs for leadership, community engagement, and shared governance."
5,15,4,agent-c,2,0,2,信息未披露 + 正确证据被错误解释,关键私有事实始终未进入公共讨论；把 Jones 参与董事会和资本项目反复改写成募资成功。,b982d448f47576f9,"I recommend Jones, as their direct board involvement, fundraising success, and strong teaching record best align with the university's needs for leadership, community engagement, and shared governance."
5,16,5,agent-d,2,0,2,信息未披露 + 正确证据被错误解释,关键私有事实始终未进入公共讨论；把 Jones 参与董事会和资本项目反复改写成募资成功。,fab8760cf7c40672,"I recommend Jones, as their direct board involvement, fundraising success, and strong teaching record best align with the university's needs for leadership, community engagement, and shared governance."
5,17,5,agent-a,2,0,2,信息未披露 + 正确证据被错误解释,关键私有事实始终未进入公共讨论；把 Jones 参与董事会和资本项目反复改写成募资成功。,c5cf3379900ca98e,"I recommend Jones, as their direct board involvement, fundraising success, and strong teaching record best align with the university's needs for leadership, community engagement, and shared governance."
5,18,5,agent-b,2,0,2,信息未披露 + 正确证据被错误解释,关键私有事实始终未进入公共讨论；把 Jones 参与董事会和资本项目反复改写成募资成功。,86fc8bd873b2983c,"I recommend Jones, as their direct board involvement, fundraising success, and strong teaching record best align with the university's needs for leadership, community engagement, and shared governance."
5,19,5,agent-c,2,0,2,信息未披露 + 正确证据被错误解释,关键私有事实始终未进入公共讨论；把 Jones 参与董事会和资本项目反复改写成募资成功。,7710fc8381018ef5,"I recommend Jones, as their direct board involvement, fundraising success, and strong teaching record best align with the university's needs for leadership, community engagement, and shared governance."
5,20,6,agent-d,2,0,2,信息未披露 + 正确证据被错误解释,关键私有事实始终未进入公共讨论；把 Jones 参与董事会和资本项目反复改写成募资成功。,9b8aaa107f8b5994,"I recommend Jones, as their direct board involvement, fundraising success, and strong teaching record best align with the university's needs for leadership, community engagement, and shared governance."
5,21,6,agent-a,2,0,2,信息未披露 + 正确证据被错误解释,关键私有事实始终未进入公共讨论；把 Jones 参与董事会和资本项目反复改写成募资成功。,69943a0e1424fa54,"I recommend Jones, as their direct board involvement, fundraising success, and strong teaching record best align with the university's needs for leadership, community engagement, and shared governance."
5,22,6,agent-b,2,0,2,信息未披露 + 正确证据被错误解释,关键私有事实始终未进入公共讨论；把 Jones 参与董事会和资本项目反复改写成募资成功。,8b7319f1f244664d,"I recommend Jones, as their direct board involvement, fundraising success, and strong teaching record best align with the university's needs for leadership, community engagement, and shared governance."
5,23,6,agent-c,2,0,2,信息未披露 + 正确证据被错误解释,关键私有事实始终未进入公共讨论；把 Jones 参与董事会和资本项目反复改写成募资成功。,471df4a46591174a,"I recommend Jones, as their direct board involvement, fundraising success, and strong teaching record best align with the university's needs for leadership, community engagement, and shared governance."
5,24,7,agent-d,2,0,2,信息未披露 + 正确证据被错误解释,关键私有事实始终未进入公共讨论；把 Jones 参与董事会和资本项目反复改写成募资成功。,5eb29e7c88d6c249,"I recommend Jones, as their direct board involvement, fundraising success, and strong teaching record best align with the university's needs for leadership, community engagement, and shared governance."
5,25,7,agent-a,2,0,2,信息未披露 + 正确证据被错误解释,关键私有事实始终未进入公共讨论；把 Jones 参与董事会和资本项目反复改写成募资成功。,8f567a64dd09dc7b,"I recommend Jones, as their direct board involvement, fundraising success, and strong teaching record best align with the university's needs for leadership, community engagement, and shared governance."
5,26,7,agent-b,2,0,2,信息未披露 + 正确证据被错误解释,关键私有事实始终未进入公共讨论；把 Jones 参与董事会和资本项目反复改写成募资成功。,2ae6818537e56951,"I recommend Jones, as their direct board involvement, fundraising success, and strong teaching record best align with the university's needs for leadership, community engagement, and shared governance."
5,27,7,agent-c,2,0,2,信息未披露 + 正确证据被错误解释,关键私有事实始终未进入公共讨论；把 Jones 参与董事会和资本项目反复改写成募资成功。,8276798750a333e4,"I recommend Jones, as their direct board involvement, fundraising success, and strong teaching record best align with the university's needs for leadership, community engagement, and shared governance."
5,28,8,agent-d,2,0,2,信息未披露 + 正确证据被错误解释,关键私有事实始终未进入公共讨论；把 Jones 参与董事会和资本项目反复改写成募资成功。,c453c54cb0bdb6cd,"I recommend Jones, as their direct board involvement, fundraising success, and strong teaching record best align with the university's needs for leadership, community engagement, and shared governance."
5,29,8,agent-a,2,0,2,信息未披露 + 正确证据被错误解释,关键私有事实始终未进入公共讨论；把 Jones 参与董事会和资本项目反复改写成募资成功。,f980ba765ac114fa,"I recommend Jones, as their direct board involvement, fundraising success, and strong teaching record best align with the university's needs for leadership, community engagement, and shared governance."
5,30,8,agent-b,2,0,2,信息未披露 + 正确证据被错误解释,关键私有事实始终未进入公共讨论；把 Jones 参与董事会和资本项目反复改写成募资成功。,66a2962feb627654,"I recommend Jones, as their direct board involvement, fundraising success, and strong teaching record best align with the university's needs for leadership, community engagement, and shared governance."
5,31,8,agent-c,2,0,2,信息未披露 + 正确证据被错误解释,关键私有事实始终未进入公共讨论；把 Jones 参与董事会和资本项目反复改写成募资成功。,6f05702dae92654c,"I recommend Jones, as their direct board involvement, fundraising success, and strong teaching record best align with the university's needs for leadership, community engagement, and shared governance."
5,32,9,agent-d,2,0,2,信息未披露 + 正确证据被错误解释,关键私有事实始终未进入公共讨论；把 Jones 参与董事会和资本项目反复改写成募资成功。,5aca0a18f258992e,"I recommend Jones, as their direct board involvement, fundraising success, and strong teaching record best align with the university's needs for leadership, community engagement, and shared governance."
5,33,9,agent-a,2,0,2,信息未披露 + 正确证据被错误解释,关键私有事实始终未进入公共讨论；把 Jones 参与董事会和资本项目反复改写成募资成功。,ad235129c73a8ac0,"I recommend Jones, as their direct board involvement, fundraising success, and strong teaching record best align with the university's needs for leadership, community engagement, and shared governance."
5,34,9,agent-b,2,0,2,信息未披露 + 正确证据被错误解释,关键私有事实始终未进入公共讨论；把 Jones 参与董事会和资本项目反复改写成募资成功。,c6861ee094389809,"I recommend Jones, as their direct board involvement, fundraising success, and strong teaching record best align with the university's needs for leadership, community engagement, and shared governance."
5,35,9,agent-c,2,0,2,信息未披露 + 正确证据被错误解释,关键私有事实始终未进入公共讨论；把 Jones 参与董事会和资本项目反复改写成募资成功。,1fa5813847eff72d,"I recommend Jones, as their direct board involvement, fundraising success, and strong teaching record best align with the university's needs for leadership, community engagement, and shared governance."
5,36,10,agent-d,2,0,2,信息未披露 + 正确证据被错误解释,关键私有事实始终未进入公共讨论；把 Jones 参与董事会和资本项目反复改写成募资成功。,50dbcb24cc72ee03,"I recommend Jones, as their direct board involvement, fundraising success, and strong teaching record best align with the university's needs for leadership, community engagement, and shared governance."
5,37,10,agent-a,2,0,2,信息未披露 + 正确证据被错误解释,关键私有事实始终未进入公共讨论；把 Jones 参与董事会和资本项目反复改写成募资成功。,05af664eb01ea288,"I recommend Jones, as their direct board involvement, fundraising success, and strong teaching record best align with the university's needs for leadership, community engagement, and shared governance."
5,38,10,agent-b,2,0,2,信息未披露 + 正确证据被错误解释,关键私有事实始终未进入公共讨论；把 Jones 参与董事会和资本项目反复改写成募资成功。,0d6cbfd64ad51fa4,"I recommend Jones, as their direct board involvement, fundraising success, and strong teaching record best align with the university's needs for leadership, community engagement, and shared governance."
5,39,10,agent-c,2,0,2,信息未披露 + 正确证据被错误解释,关键私有事实始终未进入公共讨论；把 Jones 参与董事会和资本项目反复改写成募资成功。,cf1ac471e9b5fcb5,"I recommend Jones, as their direct board involvement, fundraising success, and strong teaching record best align with the university's needs for leadership, community engagement, and shared governance."
5,40,11,agent-d,2,0,2,信息未披露 + 正确证据被错误解释,关键私有事实始终未进入公共讨论；把 Jones 参与董事会和资本项目反复改写成募资成功。,71622f41f07a8cc9,"I recommend Jones, as their direct board involvement, fundraising success, and strong teaching record best align with the university's needs for leadership, community engagement, and shared governance."
5,41,11,agent-a,2,0,2,信息未披露 + 正确证据被错误解释,关键私有事实始终未进入公共讨论；把 Jones 参与董事会和资本项目反复改写成募资成功。,176926eed24891f2,"I recommend Jones, as their direct board involvement, fundraising success, and strong teaching record best align with the university's needs for leadership, community engagement, and shared governance."
5,42,11,agent-b,2,0,2,信息未披露 + 正确证据被错误解释,关键私有事实始终未进入公共讨论；把 Jones 参与董事会和资本项目反复改写成募资成功。,ef3e4afa48fc3397,"I recommend Jones, as their direct board involvement, fundraising success, and strong teaching record best align with the university's needs for leadership, community engagement, and shared governance."
5,43,11,agent-c,2,0,2,信息未披露 + 正确证据被错误解释,关键私有事实始终未进入公共讨论；把 Jones 参与董事会和资本项目反复改写成募资成功。,72085ac7e7cc183e,"I recommend Jones, as their direct board involvement, fundraising success, and strong teaching record best align with the university's needs for leadership, community engagement, and shared governance."
5,44,12,agent-d,2,0,2,信息未披露 + 正确证据被错误解释,关键私有事实始终未进入公共讨论；把 Jones 参与董事会和资本项目反复改写成募资成功。,9c114a4aa8071fd8,"I recommend Jones, as their direct board involvement, fundraising success, and strong teaching record best align with the university's needs for leadership, community engagement, and shared governance."
5,45,12,agent-a,2,0,2,信息未披露 + 正确证据被错误解释,关键私有事实始终未进入公共讨论；把 Jones 参与董事会和资本项目反复改写成募资成功。,4b7516555d0c8169,"I recommend Jones, as their direct board involvement, fundraising success, and strong teaching record best align with the university's needs for leadership, community engagement, and shared governance."
5,46,12,agent-b,2,0,2,信息未披露 + 正确证据被错误解释,关键私有事实始终未进入公共讨论；把 Jones 参与董事会和资本项目反复改写成募资成功。,5219ee20af01a04c,"I recommend Jones, as their direct board involvement, fundraising success, and strong teaching record best align with the university's needs for leadership, community engagement, and shared governance."
5,47,12,agent-c,2,0,2,信息未披露 + 正确证据被错误解释,关键私有事实始终未进入公共讨论；把 Jones 参与董事会和资本项目反复改写成募资成功。,c913bdc8150c6da9,"I recommend Jones, as their direct board involvement, fundraising success, and strong teaching record best align with the university's needs for leadership, community engagement, and shared governance."
5,48,13,agent-d,2,0,2,信息未披露 + 正确证据被错误解释,关键私有事实始终未进入公共讨论；把 Jones 参与董事会和资本项目反复改写成募资成功。,6fef05e01f9bf3ec,"I recommend Jones, as their direct board involvement, fundraising success, and strong teaching record best align with the university's needs for leadership, community engagement, and shared governance."
5,49,13,agent-a,2,0,2,信息未披露 + 正确证据被错误解释,关键私有事实始终未进入公共讨论；把 Jones 参与董事会和资本项目反复改写成募资成功。,85ca2637ac398fa9,"I recommend Jones, as their direct board involvement, fundraising success, and strong teaching record best align with the university's needs for leadership, community engagement, and shared governance."
5,50,13,agent-b,2,0,2,信息未披露 + 正确证据被错误解释,关键私有事实始终未进入公共讨论；把 Jones 参与董事会和资本项目反复改写成募资成功。,3c947cad39f10e04,"I recommend Jones, as their direct board involvement, fundraising success, and strong teaching record best align with the university's needs for leadership, community engagement, and shared governance."
5,51,13,agent-c,2,0,2,信息未披露 + 正确证据被错误解释,关键私有事实始终未进入公共讨论；把 Jones 参与董事会和资本项目反复改写成募资成功。,5887702a19a5d6aa,"I recommend Jones, as their direct board involvement, fundraising success, and strong teaching record best align with the university's needs for leadership, community engagement, and shared governance."
5,52,14,agent-d,2,0,2,信息未披露 + 正确证据被错误解释,关键私有事实始终未进入公共讨论；把 Jones 参与董事会和资本项目反复改写成募资成功。,428324be3f1fd12f,"I recommend Jones, as their direct board involvement, fundraising success, and strong teaching record best align with the university's needs for leadership, community engagement, and shared governance."
5,53,14,agent-a,2,0,2,信息未披露 + 正确证据被错误解释,关键私有事实始终未进入公共讨论；把 Jones 参与董事会和资本项目反复改写成募资成功。,930c9e8a89da2f15,"I recommend Jones, as their direct board involvement, fundraising success, and strong teaching record best align with the university's needs for leadership, community engagement, and shared governance."
5,54,14,agent-b,2,0,2,信息未披露 + 正确证据被错误解释,关键私有事实始终未进入公共讨论；把 Jones 参与董事会和资本项目反复改写成募资成功。,a806c125e83d5b1c,"I recommend Jones, as their direct board involvement, fundraising success, and strong teaching record best align with the university's needs for leadership, community engagement, and shared governance."
5,55,14,agent-c,2,0,2,信息未披露 + 正确证据被错误解释,关键私有事实始终未进入公共讨论；把 Jones 参与董事会和资本项目反复改写成募资成功。,bee960260a2e23e6,"I recommend Jones, as their direct board involvement, fundraising success, and strong teaching record best align with the university's needs for leadership, community engagement, and shared governance."
5,56,15,agent-d,2,0,2,信息未披露 + 正确证据被错误解释,关键私有事实始终未进入公共讨论；把 Jones 参与董事会和资本项目反复改写成募资成功。,e7e4dda143829a98,"I recommend Jones, as their direct board involvement, fundraising success, and strong teaching record best align with the university's needs for leadership, community engagement, and shared governance."
5,57,15,agent-b,2,0,2,信息未披露 + 正确证据被错误解释,关键私有事实始终未进入公共讨论；把 Jones 参与董事会和资本项目反复改写成募资成功。,e9810e0d035a4f86,"I recommend Jones, as their direct board involvement, fundraising success, and strong teaching record best align with the university's needs for leadership, community engagement, and shared governance."
5,58,15,agent-c,2,0,2,信息未披露 + 正确证据被错误解释,关键私有事实始终未进入公共讨论；把 Jones 参与董事会和资本项目反复改写成募资成功。,dc18568108e2c9de,"I recommend Jones, as their direct board involvement, fundraising success, and strong teaching record best align with the university's needs for leadership, community engagement, and shared governance."
5,59,15,agent-d,2,0,2,信息未披露 + 正确证据被错误解释,关键私有事实始终未进入公共讨论；把 Jones 参与董事会和资本项目反复改写成募资成功。,7d0382e6a07e16a1,"I recommend Jones, as their direct board involvement, fundraising success, and strong teaching record best align with the university's needs for leadership, community engagement, and shared governance."
7,0,1,agent-a,2,0,2,信息未披露 + 选择性解释,只突出 Cape 的 a、c、j，未汇总 Starlight 的分散优势，也未呈现 Cape 的失败项。,af2c13696ebd85a1,"Based on the criteria, Cape Industries is the best choice because it meets the most critical requirements, including air vehicle specifications (a and c) and manufacturing capacity (j), while the other two fail on key vehicle criteria."
7,1,1,agent-b,1,0,0,关键反证已披露,agent-b 明确指出 Cape 在 b、f、g、h 上失败，并提出 Starlight 的 i、j 优势和正确结论。,f840375b2e2b177a,"I disagree; Cape Industries fails on criteria (b), (f), (g), and (h), which are critical. Starlight Incorporated meets more key criteria overall, including (i) and (j), making it the best choice."
7,2,1,agent-c,1,2,2,信息被忽略 + 选择性解释,紧接着忽略 Cape 的四项失败，重新宣称 Cape 满足关键指标；Starlight 其余优势仍未汇总。,06d313ed02d2f705,"Based on the RFP criteria, Cape Industries is the correct choice because it uniquely meets the critical air vehicle requirements (a and c) and manufacturing capacity (j), while Franklin and Starlight fail on these key points."
7,3,1,agent-b,1,2,2,信息被忽略 + 正确证据被错误解释,第1轮已经披露的 Cape 失败项和 Starlight 正确建议被持续删除，所有智能体复读 Cape 结论。,cf43602e3315fe78,"Based on the RFP criteria, Cape Industries is the best choice because it uniquely meets the critical air vehicle requirements (a and c) and manufacturing capacity (j), while Franklin and Starlight fail on these key points."
7,4,2,agent-d,1,2,2,信息被忽略 + 正确证据被错误解释,第1轮已经披露的 Cape 失败项和 Starlight 正确建议被持续删除，所有智能体复读 Cape 结论。,155146f6543f2c9f,"Based on the RFP criteria, Cape Industries is the best choice because it uniquely meets the critical air vehicle requirements (a and c) and manufacturing capacity (j), while Franklin and Starlight fail on these key points."
7,5,2,agent-a,1,2,2,信息被忽略 + 正确证据被错误解释,第1轮已经披露的 Cape 失败项和 Starlight 正确建议被持续删除，所有智能体复读 Cape 结论。,c962dfdebf082d6f,"Based on the RFP criteria, Cape Industries is the best choice because it uniquely meets the critical air vehicle requirements (a and c) and manufacturing capacity (j), while Franklin and Starlight fail on these key points."
7,6,2,agent-c,1,2,2,信息被忽略 + 正确证据被错误解释,第1轮已经披露的 Cape 失败项和 Starlight 正确建议被持续删除，所有智能体复读 Cape 结论。,12e9b99c68be21cb,"Based on the RFP criteria, Cape Industries is the correct choice because it uniquely meets the critical air vehicle requirements (a and c) and manufacturing capacity (j), while Franklin and Starlight fail on these key points."
7,7,2,agent-d,1,2,2,信息被忽略 + 正确证据被错误解释,第1轮已经披露的 Cape 失败项和 Starlight 正确建议被持续删除，所有智能体复读 Cape 结论。,118a4426a046ff46,"Based on the RFP criteria, Cape Industries is the best choice because it uniquely meets the critical air vehicle requirements (a and c) and manufacturing capacity (j), while Franklin and Starlight fail on these key points."
7,8,3,agent-c,1,2,2,信息被忽略 + 正确证据被错误解释,第1轮已经披露的 Cape 失败项和 Starlight 正确建议被持续删除，所有智能体复读 Cape 结论。,86f00815529bc471,"Based on the RFP criteria, Cape Industries is the correct choice because it uniquely meets the critical air vehicle requirements (a and c) and manufacturing capacity (j), while Franklin and Starlight fail on these key points."
7,9,3,agent-a,1,2,2,信息被忽略 + 正确证据被错误解释,第1轮已经披露的 Cape 失败项和 Starlight 正确建议被持续删除，所有智能体复读 Cape 结论。,d005eba486a2812e,"Based on the RFP criteria, Cape Industries is the best choice because it uniquely meets the critical air vehicle requirements (a and c) and manufacturing capacity (j), while Franklin and Starlight fail on these key points."
7,10,3,agent-c,1,2,2,信息被忽略 + 正确证据被错误解释,第1轮已经披露的 Cape 失败项和 Starlight 正确建议被持续删除，所有智能体复读 Cape 结论。,fb5fc6b492b5e06f,"Based on the RFP criteria, Cape Industries is the best choice because it uniquely meets the critical air vehicle requirements (a and c) and manufacturing capacity (j), while Franklin and Starlight fail on these key points."
7,11,3,agent-d,1,2,2,信息被忽略 + 正确证据被错误解释,第1轮已经披露的 Cape 失败项和 Starlight 正确建议被持续删除，所有智能体复读 Cape 结论。,411a5bfad13c5017,"Based on the RFP criteria, Cape Industries is the best choice because it uniquely meets the critical air vehicle requirements (a and c) and manufacturing capacity (j), while Franklin and Starlight fail on these key points."
7,12,4,agent-c,1,2,2,信息被忽略 + 正确证据被错误解释,第1轮已经披露的 Cape 失败项和 Starlight 正确建议被持续删除，所有智能体复读 Cape 结论。,2fb3aaee2bb01a62,"Based on the RFP criteria, Cape Industries is the best choice because it uniquely meets the critical air vehicle requirements (a and c) and manufacturing capacity (j), while Franklin and Starlight fail on these key points."
7,13,4,agent-d,1,2,2,信息被忽略 + 正确证据被错误解释,第1轮已经披露的 Cape 失败项和 Starlight 正确建议被持续删除，所有智能体复读 Cape 结论。,752762dac650485d,"Based on the RFP criteria, Cape Industries is the best choice because it uniquely meets the critical air vehicle requirements (a and c) and manufacturing capacity (j), while Franklin and Starlight fail on these key points."
7,14,4,agent-c,1,2,2,信息被忽略 + 正确证据被错误解释,第1轮已经披露的 Cape 失败项和 Starlight 正确建议被持续删除，所有智能体复读 Cape 结论。,45b97b586d532baa,"Based on the RFP criteria, Cape Industries is the best choice because it uniquely meets the critical air vehicle requirements (a and c) and manufacturing capacity (j), while Franklin and Starlight fail on these key points."
7,15,4,agent-a,1,2,2,信息被忽略 + 正确证据被错误解释,第1轮已经披露的 Cape 失败项和 Starlight 正确建议被持续删除，所有智能体复读 Cape 结论。,d3c7262352acf555,"Based on the RFP criteria, Cape Industries is the best choice because it uniquely meets the critical air vehicle requirements (a and c) and manufacturing capacity (j), while Franklin and Starlight fail on these key points."
7,16,5,agent-c,1,2,2,信息被忽略 + 正确证据被错误解释,第1轮已经披露的 Cape 失败项和 Starlight 正确建议被持续删除，所有智能体复读 Cape 结论。,af633a77ce9c6448,"Based on the RFP criteria, Cape Industries is the correct choice because it uniquely meets the critical air vehicle requirements (a and c) and manufacturing capacity (j), while Franklin and Starlight fail on these key points."
7,17,5,agent-d,1,2,2,信息被忽略 + 正确证据被错误解释,第1轮已经披露的 Cape 失败项和 Starlight 正确建议被持续删除，所有智能体复读 Cape 结论。,5f2a0afac7870bef,"Based on the RFP criteria, Cape Industries is the best choice because it uniquely meets the critical air vehicle requirements (a and c) and manufacturing capacity (j), while Franklin and Starlight fail on these key points."
7,18,5,agent-c,1,2,2,信息被忽略 + 正确证据被错误解释,第1轮已经披露的 Cape 失败项和 Starlight 正确建议被持续删除，所有智能体复读 Cape 结论。,9ca5e0beb0d623ea,"Based on the RFP criteria, Cape Industries is the best choice because it uniquely meets the critical air vehicle requirements (a and c) and manufacturing capacity (j), while Franklin and Starlight fail on these key points."
7,19,5,agent-d,1,2,2,信息被忽略 + 正确证据被错误解释,第1轮已经披露的 Cape 失败项和 Starlight 正确建议被持续删除，所有智能体复读 Cape 结论。,1cd990f420daad1e,"Based on the RFP criteria, Cape Industries is the best choice because it uniquely meets the critical air vehicle requirements (a and c) and manufacturing capacity (j), while Franklin and Starlight fail on these key points."
7,20,6,agent-c,1,2,2,信息被忽略 + 正确证据被错误解释,第1轮已经披露的 Cape 失败项和 Starlight 正确建议被持续删除，所有智能体复读 Cape 结论。,ecf81b0b062f3edb,"Based on the RFP criteria, Cape Industries is the best choice because it uniquely meets the critical air vehicle requirements (a and c) and manufacturing capacity (j), while Franklin and Starlight fail on these key points."
7,21,6,agent-d,1,2,2,信息被忽略 + 正确证据被错误解释,第1轮已经披露的 Cape 失败项和 Starlight 正确建议被持续删除，所有智能体复读 Cape 结论。,6440751d8b7bf490,"Based on the RFP criteria, Cape Industries is the best choice because it uniquely meets the critical air vehicle requirements (a and c) and manufacturing capacity (j), while Franklin and Starlight fail on these key points."
7,22,6,agent-c,1,2,2,信息被忽略 + 正确证据被错误解释,第1轮已经披露的 Cape 失败项和 Starlight 正确建议被持续删除，所有智能体复读 Cape 结论。,e18b21df5fbe6c83,"Based on the RFP criteria, Cape Industries is the best choice because it uniquely meets the critical air vehicle requirements (a and c) and manufacturing capacity (j), while Franklin and Starlight fail on these key points."
7,23,6,agent-a,1,2,2,信息被忽略 + 正确证据被错误解释,第1轮已经披露的 Cape 失败项和 Starlight 正确建议被持续删除，所有智能体复读 Cape 结论。,eea175832736300a,"Based on the RFP criteria, Cape Industries is the best choice because it uniquely meets the critical air vehicle requirements (a and c) and manufacturing capacity (j), while Franklin and Starlight fail on these key points."
7,24,7,agent-c,1,2,2,信息被忽略 + 正确证据被错误解释,第1轮已经披露的 Cape 失败项和 Starlight 正确建议被持续删除，所有智能体复读 Cape 结论。,1554da7ff875767f,"Based on the RFP criteria, Cape Industries is the best choice because it uniquely meets the critical air vehicle requirements (a and c) and manufacturing capacity (j), while Franklin and Starlight fail on these key points."
7,25,7,agent-d,1,2,2,信息被忽略 + 正确证据被错误解释,第1轮已经披露的 Cape 失败项和 Starlight 正确建议被持续删除，所有智能体复读 Cape 结论。,de23a07b01338fad,"Based on the RFP criteria, Cape Industries is the best choice because it uniquely meets the critical air vehicle requirements (a and c) and manufacturing capacity (j), while Franklin and Starlight fail on these key points."
7,26,7,agent-c,1,2,2,信息被忽略 + 正确证据被错误解释,第1轮已经披露的 Cape 失败项和 Starlight 正确建议被持续删除，所有智能体复读 Cape 结论。,2dab274dc7d8668a,"Based on the RFP criteria, Cape Industries is the best choice because it uniquely meets the critical air vehicle requirements (a and c) and manufacturing capacity (j), while Franklin and Starlight fail on these key points."
7,27,7,agent-d,1,2,2,信息被忽略 + 正确证据被错误解释,第1轮已经披露的 Cape 失败项和 Starlight 正确建议被持续删除，所有智能体复读 Cape 结论。,da8c1886a6b7cef0,"Based on the RFP criteria, Cape Industries is the best choice because it uniquely meets the critical air vehicle requirements (a and c) and manufacturing capacity (j), while Franklin and Starlight fail on these key points."
7,28,8,agent-c,1,2,2,信息被忽略 + 正确证据被错误解释,第1轮已经披露的 Cape 失败项和 Starlight 正确建议被持续删除，所有智能体复读 Cape 结论。,5d23ef59c34bba2b,"Based on the RFP criteria, Cape Industries is the best choice because it uniquely meets the critical air vehicle requirements (a and c) and manufacturing capacity (j), while Franklin and Starlight fail on these key points."
7,29,8,agent-d,1,2,2,信息被忽略 + 正确证据被错误解释,第1轮已经披露的 Cape 失败项和 Starlight 正确建议被持续删除，所有智能体复读 Cape 结论。,4ccc40969b5bffc7,"Based on the RFP criteria, Cape Industries is the best choice because it uniquely meets the critical air vehicle requirements (a and c) and manufacturing capacity (j), while Franklin and Starlight fail on these key points."
7,30,8,agent-c,1,2,2,信息被忽略 + 正确证据被错误解释,第1轮已经披露的 Cape 失败项和 Starlight 正确建议被持续删除，所有智能体复读 Cape 结论。,2eb5113a23c6c374,"Based on the RFP criteria, Cape Industries is the best choice because it uniquely meets the critical air vehicle requirements (a and c) and manufacturing capacity (j), while Franklin and Starlight fail on these key points."
7,31,8,agent-d,1,2,2,信息被忽略 + 正确证据被错误解释,第1轮已经披露的 Cape 失败项和 Starlight 正确建议被持续删除，所有智能体复读 Cape 结论。,be3d70118410a322,"Based on the RFP criteria, Cape Industries is the best choice because it uniquely meets the critical air vehicle requirements (a and c) and manufacturing capacity (j), while Franklin and Starlight fail on these key points."
7,32,9,agent-c,1,2,2,信息被忽略 + 正确证据被错误解释,第1轮已经披露的 Cape 失败项和 Starlight 正确建议被持续删除，所有智能体复读 Cape 结论。,61f16e7dd0f8af8c,"Based on the RFP criteria, Cape Industries is the best choice because it uniquely meets the critical air vehicle requirements (a and c) and manufacturing capacity (j), while Franklin and Starlight fail on these key points."
7,33,9,agent-d,1,2,2,信息被忽略 + 正确证据被错误解释,第1轮已经披露的 Cape 失败项和 Starlight 正确建议被持续删除，所有智能体复读 Cape 结论。,cea521b7355711b9,"Based on the RFP criteria, Cape Industries is the best choice because it uniquely meets the critical air vehicle requirements (a and c) and manufacturing capacity (j), while Franklin and Starlight fail on these key points."
7,34,9,agent-a,1,2,2,信息被忽略 + 正确证据被错误解释,第1轮已经披露的 Cape 失败项和 Starlight 正确建议被持续删除，所有智能体复读 Cape 结论。,c1487fd539d458a7,"Based on the RFP criteria, Cape Industries is the best choice because it uniquely meets the critical air vehicle requirements (a and c) and manufacturing capacity (j), while Franklin and Starlight fail on these key points."
7,35,9,agent-d,1,2,2,信息被忽略 + 正确证据被错误解释,第1轮已经披露的 Cape 失败项和 Starlight 正确建议被持续删除，所有智能体复读 Cape 结论。,e042a6553d5df9b4,"Based on the RFP criteria, Cape Industries is the best choice because it uniquely meets the critical air vehicle requirements (a and c) and manufacturing capacity (j), while Franklin and Starlight fail on these key points."
7,36,10,agent-a,1,2,2,信息被忽略 + 正确证据被错误解释,第1轮已经披露的 Cape 失败项和 Starlight 正确建议被持续删除，所有智能体复读 Cape 结论。,588d56c2c4925b96,"Based on the RFP criteria, Cape Industries is the best choice because it uniquely meets the critical air vehicle requirements (a and c) and manufacturing capacity (j), while Franklin and Starlight fail on these key points."
7,37,10,agent-d,1,2,2,信息被忽略 + 正确证据被错误解释,第1轮已经披露的 Cape 失败项和 Starlight 正确建议被持续删除，所有智能体复读 Cape 结论。,9900e1e585b1dd49,"Based on the RFP criteria, Cape Industries is the best choice because it uniquely meets the critical air vehicle requirements (a and c) and manufacturing capacity (j), while Franklin and Starlight fail on these key points."
7,38,10,agent-a,1,2,2,信息被忽略 + 正确证据被错误解释,第1轮已经披露的 Cape 失败项和 Starlight 正确建议被持续删除，所有智能体复读 Cape 结论。,2c79eb51a3ef25dc,"Based on the RFP criteria, Cape Industries is the best choice because it uniquely meets the critical air vehicle requirements (a and c) and manufacturing capacity (j), while Franklin and Starlight fail on these key points."
7,39,10,agent-d,1,2,2,信息被忽略 + 正确证据被错误解释,第1轮已经披露的 Cape 失败项和 Starlight 正确建议被持续删除，所有智能体复读 Cape 结论。,cc51ba3380dec0b4,"Based on the RFP criteria, Cape Industries is the best choice because it uniquely meets the critical air vehicle requirements (a and c) and manufacturing capacity (j), while Franklin and Starlight fail on these key points."
7,40,11,agent-a,1,2,2,信息被忽略 + 正确证据被错误解释,第1轮已经披露的 Cape 失败项和 Starlight 正确建议被持续删除，所有智能体复读 Cape 结论。,93a459c04bbcdd87,"Based on the RFP criteria, Cape Industries is the best choice because it uniquely meets the critical air vehicle requirements (a and c) and manufacturing capacity (j), while Franklin and Starlight fail on these key points."
7,41,11,agent-b,1,2,2,信息被忽略 + 正确证据被错误解释,第1轮已经披露的 Cape 失败项和 Starlight 正确建议被持续删除，所有智能体复读 Cape 结论。,f4ecd712601e4aab,"Based on the RFP criteria, Cape Industries is the best choice because it uniquely meets the critical air vehicle requirements (a and c) and manufacturing capacity (j), while Franklin and Starlight fail on these key points."
7,42,11,agent-a,1,2,2,信息被忽略 + 正确证据被错误解释,第1轮已经披露的 Cape 失败项和 Starlight 正确建议被持续删除，所有智能体复读 Cape 结论。,5c0c423d8a397da1,"Based on the RFP criteria, Cape Industries is the best choice because it uniquely meets the critical air vehicle requirements (a and c) and manufacturing capacity (j), while Franklin and Starlight fail on these key points."
7,43,11,agent-b,1,2,2,信息被忽略 + 正确证据被错误解释,第1轮已经披露的 Cape 失败项和 Starlight 正确建议被持续删除，所有智能体复读 Cape 结论。,0c16f638c6a0f0b2,"Based on the RFP criteria, Cape Industries is the best choice because it uniquely meets the critical air vehicle requirements (a and c) and manufacturing capacity (j), while Franklin and Starlight fail on these key points."
7,44,12,agent-a,1,2,2,信息被忽略 + 正确证据被错误解释,第1轮已经披露的 Cape 失败项和 Starlight 正确建议被持续删除，所有智能体复读 Cape 结论。,a9af2f9f70580714,"Based on the RFP criteria, Cape Industries is the best choice because it uniquely meets the critical air vehicle requirements (a and c) and manufacturing capacity (j), while Franklin and Starlight fail on these key points."
7,45,12,agent-b,1,2,2,信息被忽略 + 正确证据被错误解释,第1轮已经披露的 Cape 失败项和 Starlight 正确建议被持续删除，所有智能体复读 Cape 结论。,8337668ef4e72702,"Based on the RFP criteria, Cape Industries is the best choice because it uniquely meets the critical air vehicle requirements (a and c) and manufacturing capacity (j), while Franklin and Starlight fail on these key points."
7,46,12,agent-a,1,2,2,信息被忽略 + 正确证据被错误解释,第1轮已经披露的 Cape 失败项和 Starlight 正确建议被持续删除，所有智能体复读 Cape 结论。,51922e1e947dde4a,"Based on the RFP criteria, Cape Industries is the best choice because it uniquely meets the critical air vehicle requirements (a and c) and manufacturing capacity (j), while Franklin and Starlight fail on these key points."
7,47,12,agent-b,1,2,2,信息被忽略 + 正确证据被错误解释,第1轮已经披露的 Cape 失败项和 Starlight 正确建议被持续删除，所有智能体复读 Cape 结论。,ecb8225bc9a10e3d,"Based on the RFP criteria, Cape Industries is the best choice because it uniquely meets the critical air vehicle requirements (a and c) and manufacturing capacity (j), while Franklin and Starlight fail on these key points."
7,48,13,agent-a,1,2,2,信息被忽略 + 正确证据被错误解释,第1轮已经披露的 Cape 失败项和 Starlight 正确建议被持续删除，所有智能体复读 Cape 结论。,7260dfd3d1d6519d,"Based on the RFP criteria, Cape Industries is the best choice because it uniquely meets the critical air vehicle requirements (a and c) and manufacturing capacity (j), while Franklin and Starlight fail on these key points."
7,49,13,agent-b,1,2,2,信息被忽略 + 正确证据被错误解释,第1轮已经披露的 Cape 失败项和 Starlight 正确建议被持续删除，所有智能体复读 Cape 结论。,5befe105bcaf701d,"Based on the RFP criteria, Cape Industries is the best choice because it uniquely meets the critical air vehicle requirements (a and c) and manufacturing capacity (j), while Franklin and Starlight fail on these key points."
7,50,13,agent-a,1,2,2,信息被忽略 + 正确证据被错误解释,第1轮已经披露的 Cape 失败项和 Starlight 正确建议被持续删除，所有智能体复读 Cape 结论。,ecfd061e4561dae9,"Based on the RFP criteria, Cape Industries is the best choice because it uniquely meets the critical air vehicle requirements (a and c) and manufacturing capacity (j), while Franklin and Starlight fail on these key points."
7,51,13,agent-b,1,2,2,信息被忽略 + 正确证据被错误解释,第1轮已经披露的 Cape 失败项和 Starlight 正确建议被持续删除，所有智能体复读 Cape 结论。,8f30f0a9363b7f20,"Based on the RFP criteria, Cape Industries is the best choice because it uniquely meets the critical air vehicle requirements (a and c) and manufacturing capacity (j), while Franklin and Starlight fail on these key points."
7,52,14,agent-a,1,2,2,信息被忽略 + 正确证据被错误解释,第1轮已经披露的 Cape 失败项和 Starlight 正确建议被持续删除，所有智能体复读 Cape 结论。,87c9fe6a08f63cf4,"Based on the RFP criteria, Cape Industries is the best choice because it uniquely meets the critical air vehicle requirements (a and c) and manufacturing capacity (j), while Franklin and Starlight fail on these key points."
7,53,14,agent-b,1,2,2,信息被忽略 + 正确证据被错误解释,第1轮已经披露的 Cape 失败项和 Starlight 正确建议被持续删除，所有智能体复读 Cape 结论。,811684a14759da26,"Based on the RFP criteria, Cape Industries is the best choice because it uniquely meets the critical air vehicle requirements (a and c) and manufacturing capacity (j), while Franklin and Starlight fail on these key points."
7,54,14,agent-b,1,2,2,信息被忽略 + 正确证据被错误解释,第1轮已经披露的 Cape 失败项和 Starlight 正确建议被持续删除，所有智能体复读 Cape 结论。,a51c46911790d4cf,"Based on the RFP criteria, Cape Industries is the best choice because it uniquely meets the critical air vehicle requirements (a and c) and manufacturing capacity (j), while Franklin and Starlight fail on these key points."
7,55,14,agent-b,1,2,2,信息被忽略 + 正确证据被错误解释,第1轮已经披露的 Cape 失败项和 Starlight 正确建议被持续删除，所有智能体复读 Cape 结论。,fa68140597a60361,"Based on the RFP criteria, Cape Industries is the best choice because it uniquely meets the critical air vehicle requirements (a and c) and manufacturing capacity (j), while Franklin and Starlight fail on these key points."
7,56,15,agent-b,1,2,2,信息被忽略 + 正确证据被错误解释,第1轮已经披露的 Cape 失败项和 Starlight 正确建议被持续删除，所有智能体复读 Cape 结论。,8f1e2764f3f6ee1d,"Based on the RFP criteria, Cape Industries is the best choice because it uniquely meets the critical air vehicle requirements (a and c) and manufacturing capacity (j), while Franklin and Starlight fail on these key points."
7,57,15,agent-b,1,2,2,信息被忽略 + 正确证据被错误解释,第1轮已经披露的 Cape 失败项和 Starlight 正确建议被持续删除，所有智能体复读 Cape 结论。,d229f2a4a8fef4d1,"Based on the RFP criteria, Cape Industries is the best choice because it uniquely meets the critical air vehicle requirements (a and c) and manufacturing capacity (j), while Franklin and Starlight fail on these key points."
7,58,15,agent-b,1,2,2,信息被忽略 + 正确证据被错误解释,第1轮已经披露的 Cape 失败项和 Starlight 正确建议被持续删除，所有智能体复读 Cape 结论。,928dbee57aa12722,"Based on the RFP criteria, Cape Industries is the best choice because it uniquely meets the critical air vehicle requirements (a and c) and manufacturing capacity (j), while Franklin and Starlight fail on these key points."
7,59,15,agent-b,1,2,2,信息被忽略 + 正确证据被错误解释,第1轮已经披露的 Cape 失败项和 Starlight 正确建议被持续删除，所有智能体复读 Cape 结论。,eefef34e0afba0c6,"Based on the RFP criteria, Cape Industries is the best choice because it uniquely meets the critical air vehicle requirements (a and c) and manufacturing capacity (j), while Franklin and Starlight fail on these key points."
